time,MVSI,high_low,VNI_Sma200
2021-04-01,0.5702137073058591,133,238.89409999999998
2021-04-02,0.5732469855957428,159,245.2634999999999
2021-04-05,0.5747922986745975,184,254.85430000000008
2021-04-06,0.5781747103083035,191,256.69965
2021-04-07,0.5804344039927221,225,257.02390000000014
2021-04-08,0.5778495951341177,192,247.58905000000004
2021-04-09,0.5750378943586566,214,242.45304999999996
2021-04-12,0.5872335257095578,250,261.2944500000001
2021-04-13,0.595552801459031,168,255.2227499999999
2021-04-14,0.5899458875816724,187,260.8021
2021-04-15,0.5883569559638678,155,250.25279999999998
2021-04-16,0.5929242643387489,132,239.88735000000008
2021-04-19,0.5836614138177384,145,259.85065
2021-04-20,0.5783181289485744,132,265.61509999999987
2021-04-22,0.5776182404999662,102,223.43549999999982
2021-04-23,0.5692406121737084,96,242.33394999999985
2021-04-26,0.5573597562332983,90,207.99469999999997
2021-04-27,0.5330933756145464,79,210.37310000000002
2021-04-28,0.5133914872246036,89,218.52535
2021-04-29,0.49763965214068623,87,226.5353500000001
2021-05-04,0.4918373012504416,84,227.45195000000012
2021-05-05,0.49353298793856293,93,239.56214999999997
2021-05-06,0.4878183264823003,93,231.72995000000003
2021-05-07,0.49266290336891644,94,221.03309999999988
2021-05-10,0.49606711386471014,90,236.78154999999992
2021-05-11,0.49744530129536846,74,231.30414999999994
2021-05-12,0.4941723958228972,95,242.36509999999976
2021-05-13,0.49655025137988723,78,233.29615000000013
2021-05-14,0.500531716917937,93,235.63289999999984
2021-05-17,0.49889775357774385,81,225.95235000000002
2021-05-18,0.4998092004857251,83,217.92885000000024
2021-05-19,0.49983969808469875,91,225.57320000000004
2021-05-20,0.5041708119072504,82,239.03764999999999
2021-05-21,0.5140556976134552,80,242.54545000000007
2021-05-24,0.5146242460371379,88,254.31745
2021-05-25,0.5164307558994992,82,262.61175000000003
2021-05-26,0.5188577102616847,92,268.45405000000005
2021-05-27,0.5191460050684911,73,253.12329999999997
2021-05-28,0.5292132743778344,90,267.73350000000005
2021-05-31,0.5376101059550723,88,273.0610999999999
2021-06-01,0.5387347690886074,74,280.4582499999999
2021-06-02,0.5492018797669229,80,281.1246000000001
2021-06-03,0.5698883107259306,108,302.12239999999997
2021-06-04,0.5883603778788276,100,309.3899999999999
2021-06-07,0.6003934446900121,72,291.63454999999976
2021-06-08,0.6094620488088347,60,250.41055000000028
2021-06-09,0.6036706731448046,46,261.0498
2021-06-10,0.5962851602527338,55,249.2576999999999
2021-06-11,0.5980807817821815,61,274.58484999999996
2021-06-14,0.597649099049235,85,281.8230500000002
2021-06-15,0.5935550143212359,75,284.56769999999983
2021-06-16,0.5893341105521351,63,270.95074999999997
2021-06-17,0.5840975870980977,80,271.5431000000001
2021-06-18,0.5903503816970448,102,286.5774999999999
2021-06-21,0.592942979721732,82,278.71220000000017
2021-06-22,0.5926603735987428,67,283.3413499999999
2021-06-23,0.5869163193438207,53,277.55719999999997
2021-06-24,0.5730756541090479,54,277.7158999999999
2021-06-25,0.5642344348247905,78,285.3813
2021-06-28,0.5598142594460009,99,298.25765
2021-06-29,0.55430195642403,89,299.6720499999999
2021-06-30,0.5421902953053748,85,295.41454999999996
2021-07-01,0.5364272783410035,98,301.11285
2021-07-02,0.5360819592309817,102,301.45225000000005
2021-07-05,0.5330363610465015,71,289.4887500000002
2021-07-06,0.5291444484753883,36,230.63999999999987
2021-07-07,0.5245821970431663,37,261.8245999999999
2021-07-08,0.5047917744857813,36,245.4547500000001
2021-07-09,0.5028187994826618,25,215.5739500000002
2021-07-15,0.4827892925479875,21,160.2926
2021-07-16,0.48315387132508375,21,163.64469999999983
2021-07-19,0.5023911467110076,-18,106.14699999999993
2021-07-20,0.5075317166361318,7,134.06825000000003
2021-07-21,0.503526238741355,7,129.65554999999995
2021-07-22,0.511226441685343,25,150.51790000000005
2021-07-26,0.5162622821913257,32,127.64094999999998
2021-07-27,0.5248395011029569,25,129.92039999999997
2021-07-28,0.5227808098367158,10,128.11504999999988
2021-07-29,0.5301180951072821,20,142.6643999999999
2021-07-30,0.5478627962653724,47,157.05134999999996
2021-08-02,0.568598453660996,36,159.19269999999983
2021-08-03,0.5827776892292622,51,175.28144999999995
2021-08-04,0.5952869351772224,32,175.47024999999985
2021-08-05,0.6069622512748949,48,184.09539999999993
2021-08-06,0.6246711453660272,58,177.82950000000005
2021-08-09,0.6413387811240655,90,193.96659999999997
2021-08-10,0.6630634252476055,95,194.25049999999987
2021-08-11,0.6859109323965645,89,187.39200000000005
2021-08-12,0.7016425854646213,68,180.43629999999985
2021-08-13,0.7112608906549304,83,182.22444999999993
2021-08-16,0.7258705121422563,82,193.85800000000017
2021-08-17,0.7348498632810073,61,183.7711499999998
2021-08-18,0.7356646947447919,79,179.40845000000013
2021-08-19,0.737146542857257,89,191.0641999999998
2021-08-20,0.756574685429669,57,143.62619999999993
2021-08-23,0.7487584014362445,53,111.21119999999996
2021-08-24,0.7321012397172957,35,109.29840000000013
2021-08-25,0.7009225793215533,24,118.27444999999989
2021-08-26,0.6788484099099285,45,108.05534999999986
2021-08-27,0.6638914490689575,87,118.28780000000029
2021-08-30,0.6639442572788369,103,131.28289999999993
2021-08-31,0.6661342292212536,95,132.65069999999992
2021-09-01,0.6673054532263843,125,133.90695000000005
2021-09-06,0.6809473273061667,147,143.72129999999993
2021-09-07,0.6843208346135922,70,137.27580000000012
2021-09-08,0.6646624516158056,54,127.05009999999993
2021-09-09,0.6453263595865294,93,135.30545000000006
2021-09-10,0.6365994788804972,128,134.51654999999982
2021-09-13,0.6405865427038737,116,128.5567500000002
2021-09-14,0.6405770132603639,122,124.79665
2021-09-15,0.637135941448437,137,128.87455
2021-09-16,0.629512370091044,142,126.88399999999979
2021-09-17,0.6282456947559757,180,131.57955000000015
2021-09-20,0.6348646418567756,114,127.35860000000002
2021-09-21,0.6353460803324732,130,114.7793499999998
2021-09-22,0.6340923970368963,184,123.62545
2021-09-23,0.6352638957821493,94,123.70274999999992
2021-09-24,0.6218322645286533,80,120.15330000000017
2021-09-27,0.6172997739061223,28,92.17979999999989
2021-09-28,0.6026857864946564,35,104.55719999999997
2021-09-29,0.5730909201265806,41,102.60564999999997
2021-09-30,0.5448257149444685,57,103.61300000000006
2021-10-01,0.5300575830441433,103,94.6848500000001
2021-10-04,0.5280420388782294,93,97.58715000000007
2021-10-05,0.5171827238424461,80,110.87495000000013
2021-10-06,0.5112917286202628,104,117.22964999999999
2021-10-07,0.5124443538184493,84,118.56940000000009
2021-10-08,0.5076210576920595,99,123.47559999999999
2021-10-11,0.5051595921265682,62,142.91625
2021-10-12,0.5044406552135274,59,141.66764999999987
2021-10-13,0.49792939731109803,72,136.86245000000008
2021-10-14,0.4976569286956512,94,134.9147999999998
2021-10-15,0.5018272906216921,155,133.90030000000002
2021-10-18,0.5066938642156307,122,134.86009999999987
2021-10-19,0.501966218248177,102,132.83334999999988
2021-10-20,0.5057356489209842,102,129.47749999999996
2021-10-21,0.5034427632077677,114,118.71929999999998
2021-10-22,0.5117722348699261,197,121.39765000000011
2021-10-25,0.5226953670718388,125,115.86045000000013
2021-10-26,0.5205066002270284,115,120.45275000000015
2021-10-27,0.5305710392863002,171,150.0039999999999
2021-10-28,0.5384148950981513,192,163.13889999999992
2021-10-29,0.5497987831504783,248,167.43640000000005
2021-11-01,0.567820462596186,191,160.27884999999992
2021-11-02,0.5807796985889426,251,171.91194999999993
2021-11-03,0.6009501780518361,92,161.94769999999994
2021-11-04,0.5924190658781554,109,164.14049999999997
2021-11-05,0.5869488099740988,201,170.36554999999998
2021-11-08,0.5938090020221912,182,179.5097999999998
2021-11-09,0.5953433467402766,153,171.58895000000007
2021-11-10,0.5977935945707201,205,173.2813000000001
2021-11-11,0.6120307973689265,218,168.78724999999986
2021-11-12,0.6166872019047045,306,177.95974999999999
2021-11-15,0.6367953903362265,292,179.37924999999996
2021-11-16,0.6437012105912412,174,167.58974999999987
2021-11-17,0.6385465760068632,181,175.32655
2021-11-18,0.6433413631563956,236,167.73984999999993
2021-11-19,0.6612805782975218,191,148.83655
2021-11-22,0.6573606205184291,55,142.4247499999999
2021-11-23,0.6311604799346031,54,157.4480000000001
2021-11-24,0.6089283045777418,84,181.17389999999978
2021-11-25,0.5897831090632288,91,191.54684999999995
2021-11-26,0.5777499126219819,132,182.27269999999976
2021-11-29,0.5627520089339821,81,172.6181999999999
2021-11-30,0.5556296289413418,89,164.48100000000022
2021-12-01,0.5346864820090054,70,169.47845000000007
2021-12-02,0.519132222940874,80,164.56274999999982
2021-12-03,0.5083394921292588,97,124.0320499999998
2021-12-06,0.502356826915562,34,92.79879999999957
2021-12-07,0.47954627583954085,37,124.53385000000003
2021-12-08,0.45289680901555923,40,129.2414000000001
2021-12-09,0.4277538807376489,52,142.8789999999999
2021-12-10,0.4105790252081772,74,136.99649999999997
2021-12-13,0.4094104538678058,57,148.17364999999995
2021-12-14,0.4077161392554753,56,146.4136000000001
2021-12-15,0.40341312311086136,49,144.34325000000013
2021-12-16,0.398750634342399,69,143.91539999999964
2021-12-17,0.4063368630551719,78,145.6273000000001
2021-12-20,0.4075170209567394,64,141.7136999999998
2021-12-21,0.40967211419075555,77,141.66475000000014
2021-12-22,0.4234647422983011,108,139.04899999999998
2021-12-23,0.44120235897755045,72,116.89764999999989
2021-12-24,0.4374192977667746,61,135.42385000000013
2021-12-27,0.4274195904931767,50,145.63930000000005
2021-12-28,0.43667509428516194,77,149.52774999999997
2021-12-29,0.4375601251223226,72,139.43730000000005
2021-12-30,0.43568807144696803,59,138.06525000000033
2021-12-31,0.43426435238960426,69,148.80665
2022-01-04,0.4418615797033338,76,174.37824999999975
2022-01-05,0.4555791408697326,80,169.61619999999994
2022-01-06,0.4696636192908217,103,174.0480500000001
2022-01-07,0.4832846460450159,144,172.28590000000008
2022-01-10,0.503335818812768,109,145.96950000000015
2022-01-11,0.5072908122536044,64,133.02520000000004
2022-01-12,0.5167237594520596,43,149.48170000000005
2022-01-13,0.5163752864652678,12,133.3569500000001
2022-01-14,0.500235869907564,33,131.58915000000002
2022-01-17,0.4974000316105535,19,87.02334999999994
2022-01-18,0.4853260954830531,11,71.8604499999999
2022-01-19,0.4593741251593224,12,74.45370000000003
2022-01-20,0.4360330200627931,8,95.71770000000015
2022-01-21,0.4148959635819163,27,102.06549999999993
2022-01-24,0.4036015566802071,3,67.86720000000014
2022-01-25,0.38162325726317975,10,106.53909999999996
2022-01-26,0.3591841555520165,13,107.34309999999982
2022-01-27,0.3355897147856423,10,95.34375
2022-01-28,0.32189056156582824,28,102.30724999999984
2022-02-07,0.30932203159092814,38,119.78120000000013
2022-02-08,0.3073527174322871,35,121.84789999999998
2022-02-09,0.3127087090798156,26,124.99035000000003
2022-02-10,0.31574419871265375,26,125.10265000000004
2022-02-11,0.3162571095962772,27,118.70765000000029
2022-02-14,0.3285390644257077,22,87.90074999999979
2022-02-15,0.3257873558264347,27,107.56839999999988
2022-02-16,0.33548530416772904,33,105.59699999999998
2022-02-17,0.3427486317074786,50,120.18970000000013
2022-02-18,0.35549447483903174,51,115.59434999999985
2022-02-21,0.37954451172199255,35,120.13890000000015
2022-02-22,0.39942801915767817,31,111.39930000000004
2022-02-23,0.4149434391763841,47,118.86474999999996
2022-02-24,0.44817037687728845,31,100.15150000000017
2022-02-25,0.4581352667687071,39,102.97920000000022
2022-02-28,0.46719496715992714,36,93.02140000000031
2022-03-01,0.4811503001153732,32,100.38654999999994
2022-03-02,0.4937584913232465,41,85.99685
2022-03-03,0.5148626027676813,58,104.23205000000007
2022-03-04,0.5353961738475252,56,103.38084999999978
2022-03-07,0.5582348411485921,64,95.91555000000017
2022-03-08,0.5788593978755867,43,69.53880000000004
2022-03-09,0.5892323137959484,64,68.49360000000024
2022-03-10,0.5908561364391848,56,72.70159999999987
2022-03-11,0.6006986915599648,53,59.1413500000001
2022-03-14,0.6023917601004766,26,38.01119999999992
2022-03-15,0.5894115343363562,33,43.65715
2022-03-16,0.5744416128686163,41,49.440399999999954
2022-03-17,0.5672675898407517,35,50.6866
2022-03-18,0.5608699058564378,46,57.68459999999982
2022-03-21,0.5631499767836848,53,82.57770000000005
2022-03-22,0.5707023581922936,45,90.49110000000019
2022-03-23,0.573342630434614,47,88.17964999999981
2022-03-24,0.5753223162221225,57,83.29725000000008
2022-03-25,0.5787344792045633,78,82.74865
2022-03-28,0.5897620638165502,81,66.83415000000014
2022-03-29,0.5922319144405166,77,80.79559999999992
2022-03-30,0.6013890754359358,59,72.88694999999984
2022-03-31,0.5919491973981559,48,73.66560000000004
2022-04-01,0.5867718333550589,61,97.03790000000004
2022-04-04,0.5802442911934313,55,104.29230000000007
2022-04-05,0.5638671593018024,53,98.7808500000001
2022-04-06,0.5601690088564056,41,100.84495000000015
2022-04-07,0.5516784575728403,25,79.61999999999989
2022-04-08,0.5385462387784707,29,58.64260000000013
2022-04-12,0.5328541990673936,4,31.415950000000066
2022-04-13,0.5212853561929223,18,52.86880000000019
2022-04-14,0.4979383854734526,28,47.291349999999966
2022-04-15,0.4873522945683801,34,33.338399999999865
2022-04-18,0.49573673457135653,29,7.099749999999858
2022-04-19,0.49340348443235993,-10,-19.183899999999994
2022-04-20,0.4940859222479533,-24,-40.88689999999997
2022-04-21,0.5054693444211283,-49,-55.218900000000076
2022-04-22,0.5070683755071176,-21,-46.04484999999977
2022-04-25,0.508361882087954,-78,-113.86669999999981
2022-04-26,0.5016134426979115,-19,-83.06800000000021
2022-04-27,0.47818244399309995,-9,-70.30549999999994
2022-04-28,0.4632467149590999,-3,-72.78480000000013
2022-04-29,0.4586267706017349,18,-57.03485000000023
2022-05-04,0.44795338969043796,3,-74.9554999999998
2022-05-05,0.4390236176878288,5,-62.885499999999865
2022-05-06,0.4272564246966614,-15,-94.2161000000001
2022-05-09,0.43959228316219084,-85,-153.7346
2022-05-10,0.44000072762808934,-38,-129.76585
2022-05-11,0.41922184818084635,-7,-122.08595000000014
2022-05-12,0.4220946372691899,-101,-184.60370000000012
2022-05-13,0.4417830119363541,-172,-240.23360000000025
2022-05-16,0.4410902137560422,-76,-250.44499999999994
2022-05-17,0.44616110753017957,-4,-193.80330000000026
2022-05-18,0.4415653396997296,-3,-181.2324500000002
2022-05-19,0.4271469840603879,-14,-180.17529999999988
2022-05-20,0.421692844359525,-9,-180.84084999999982
2022-05-23,0.4123138272006361,-24,-202.28465000000006
2022-05-24,0.4000465027129424,-19,-187.31044999999995
2022-05-25,0.4088536990981768,-12,-151.94039999999995
2022-05-26,0.41131399072661756,-3,-151.46955000000025
2022-05-27,0.4114669503568319,-6,-134.28904999999986
2022-05-30,0.4162827738861743,5,-125.58140000000003
2022-05-31,0.4228852151841989,0,-126.48549999999977
2022-06-01,0.4203215950980413,6,-119.33095000000003
2022-06-02,0.4280010375195949,0,-129.8851000000002
2022-06-03,0.422632095690285,1,-130.19975
2022-06-06,0.42907388322096746,-20,-127.83454999999981
2022-06-07,0.44097478012463037,-34,-126.0965000000001
2022-06-08,0.4489189555324097,1,-109.26059999999984
2022-06-09,0.443917474307626,-1,-109.10490000000004
2022-06-10,0.4506584587134422,-13,-132.3710500000002
2022-06-13,0.47536148808814394,-110,-188.8991000000001
2022-06-14,0.47898671339842236,-121,-185.28634999999986
2022-06-15,0.49260092703433744,-206,-201.24229999999966
2022-06-16,0.49034335957900815,-110,-178.17769999999973
2022-06-17,0.5021378292229504,-223,-197.08859999999981
2022-06-20,0.5080760589842414,-298,-233.32459999999992
2022-06-21,0.5083223915050948,-255,-240.4762499999997
2022-06-22,0.5015335855900701,-88,-242.86525000000006
2022-06-23,0.48082699997713324,-41,-222.52639999999974
2022-06-24,0.46684599838104174,-29,-225.12185
2022-06-27,0.45806118084328445,-21,-207.08645
2022-06-28,0.46034873677798827,-9,-191.2289000000003
2022-06-29,0.45318601034624884,-13,-190.60944999999992
2022-06-30,0.44945096759522063,-19,-210.36090000000013
2022-07-01,0.448332512889757,-44,-208.34824999999978
2022-07-04,0.4381415974216316,-28,-210.9974000000002
2022-07-05,0.43859693576074554,-49,-224.41470000000004
2022-07-06,0.438715957350984,-86,-255.11339999999996
2022-07-07,0.42993415784693356,-58,-237.31259999999997
2022-07-08,0.4270805707509204,-26,-231.58675000000017
2022-07-11,0.4299099597321134,-31,-246.68399999999997
2022-07-12,0.438535384069563,-13,-226.27470000000017
2022-07-13,0.44912164233951246,-15,-226.28049999999985
2022-07-14,0.4531555033067822,-10,-217.18550000000005
2022-07-15,0.4662844814540442,-13,-219.37680000000023
2022-07-18,0.4749211947241506,-7,-221.32270000000017
2022-07-19,0.47997388725175105,-12,-218.67830000000004
2022-07-20,0.5014656425661751,10,-202.12869999999975
2022-07-21,0.5070428488412569,7,-197.11660000000006
2022-07-22,0.5128902395175718,-1,-200.1026999999999
2022-07-25,0.5154271152687329,-1,-205.5320499999998
2022-07-26,0.5120620358501157,-13,-208.07330000000002
2022-07-27,0.5067778666991657,-14,-201.22855000000004
2022-07-28,0.5234750649615092,-3,-183.32550000000037
2022-07-29,0.5321186458381256,-6,-184.1767000000002
2022-08-01,0.549413274877848,7,-158.33945000000017
2022-08-02,0.5556583992825261,-9,-152.79050000000007
2022-08-03,0.573436808181065,2,-138.44005000000016
2022-08-04,0.5899793868088383,5,-133.35729999999967
2022-08-05,0.5998602641524371,1,-134.05335000000014
2022-08-08,0.615931549906658,2,-129.35045000000014
2022-08-09,0.630782021367507,-3,-126.5757000000001
2022-08-10,0.6374090534309842,3,-128.2843499999999
2022-08-11,0.6556758951106987,1,-132.02850000000012
2022-08-12,0.6532369642374218,10,-121.1531500000001
2022-08-15,0.6562380194356681,2,-108.69599999999969
2022-08-16,0.6577187747994367,3,-107.46434999999997
2022-08-17,0.6666344531813522,2,-106.0607
2022-08-18,0.6611299421988552,0,-106.82764999999972
2022-08-19,0.6558521954313381,-1,-110.45869999999991
2022-08-22,0.6532380652758194,-10,-118.24855000000002
2022-08-23,0.647338902013402,2,-107.00110000000018
2022-08-24,0.643195147129537,10,-99.7951999999998
2022-08-25,0.6427993539021865,2,-87.23704999999973
2022-08-26,0.6418980990034683,1,-92.62205000000017
2022-08-29,0.6524520964959885,-20,-103.43855000000008
2022-08-30,0.6431791031614298,5,-93.92039999999997
2022-08-31,0.6310812371056632,1,-91.89120000000003
2022-09-05,0.6205322943596374,-5,-94.07109999999989
2022-09-06,0.6165857498202292,-14,-93.02525000000014
2022-09-07,0.625313497806825,-19,-126.13885000000005
2022-09-08,0.6187421123562408,-18,-133.5025999999998
2022-09-09,0.6074590806898941,-20,-118.21735000000012
2022-09-12,0.5913849252191694,-16,-116.36370000000011
2022-09-13,0.5764439693579163,-10,-116.58944999999994
2022-09-14,0.5739028104460332,-24,-123.10514999999987
2022-09-15,0.5615260116643926,-20,-116.9991
2022-09-16,0.5610392894147312,-44,-127.29520000000002
2022-09-19,0.5697058137874704,-70,-154.45720000000006
2022-09-20,0.5615345221679976,-37,-139.62764999999968
2022-09-21,0.5411918512813817,-37,-146.66820000000007
2022-09-22,0.5358617984523693,-21,-141.1657499999999
2022-09-23,0.5260041500352325,-25,-151.19190000000003
2022-09-26,0.5381137719282769,-98,-178.77704999999992
2022-09-27,0.5269130130539205,-67,-185.35185
2022-09-28,0.5254820729335975,-113,-206.7561000000003
2022-09-29,0.5195769871785079,-118,-222.67210000000023
2022-09-30,0.5324896577914568,-138,-214.95275000000015
2022-10-03,0.5274431961970462,-243,-258.7372499999999
2022-10-04,0.5240099689431356,-234,-265.0468999999998
2022-10-05,0.5114615356658211,-48,-237.06809999999996
2022-10-06,0.5005336650544867,-211,-264.80320000000006
2022-10-07,0.5119729266973615,-373,-301.2096999999999
2022-10-10,0.504680030901394,-194,-292.45315000000005
2022-10-11,0.5023015137893598,-374,-326.37750000000005
2022-10-12,0.4952034108285283,-113,-295.54785000000015
2022-10-13,0.47426377306181206,-98,-277.23445000000015
2022-10-14,0.47057417349121117,-64,-264.3988999999999
2022-10-17,0.45528736322125896,-63,-272.5416500000001
2022-10-18,0.4551634875919493,-44,-258.3355499999998
2022-10-19,0.44031864409119237,-47,-259.75395000000003
2022-10-20,0.42390085281502754,-57,-259.2370999999998
2022-10-21,0.43291059261295184,-278,-295.53634999999974
2022-10-24,0.44030100616066997,-411,-326.64570000000015
2022-10-25,0.44896744562101126,-312,-312.45630000000006
2022-10-26,0.4356553177325568,-300,-314.6580500000001
2022-10-27,0.435804702872772,-72,-282.8159999999999
2022-10-28,0.4306962067322215,-75,-273.91640000000007
2022-10-31,0.4273570178320475,-121,-278.64495
2022-11-01,0.4245477171605513,-88,-269.3354499999998
2022-11-02,0.4187964931951092,-78,-273.78049999999985
2022-11-03,0.41425327344687235,-113,-275.8753999999999
2022-11-04,0.42783352497568816,-267,-296.2759000000002
2022-11-07,0.43832960599075055,-369,-316.7678000000001
2022-11-08,0.43971950658089637,-285,-308.68805
2022-11-09,0.43231222456642887,-186,-302.04075
2022-11-10,0.44466105714588916,-437,-338.10749999999996
2022-11-11,0.449420463705024,-382,-325.27744999999993
2022-11-14,0.4589254189260829,-463,-334.6241
2022-11-15,0.47447887162533336,-561,-360.9256999999999
2022-11-16,0.49722039926462264,-128,-327.2323
2022-11-17,0.49437551887658265,-53,-298.36480000000006
2022-11-18,0.49898089272700274,-68,-295.74664999999993
2022-11-21,0.4925684436586407,-62,-301.74159999999995
2022-11-22,0.5052715351729804,-47,-307.52725
2022-11-23,0.4941736666895578,-59,-310.85034999999993
2022-11-24,0.4801757044322661,-68,-306.3449499999999
2022-11-25,0.47845478385887213,-67,-279.9436999999998
2022-11-28,0.4945792702089046,-19,-243.38234999999986
2022-11-29,0.5103271794827088,-13,-214.60940000000005
2022-11-30,0.5196717254666503,-21,-196.13100000000009
2022-12-01,0.5455825806107139,-21,-205.91245000000004
2022-12-02,0.5545002549405638,-30,-160.05829999999992
2022-12-05,0.571558911691639,-8,-144.3124499999999
2022-12-06,0.5943231939382109,-21,-187.01855
2022-12-07,0.5944365321713485,-27,-192.33214999999996
2022-12-08,0.5955740415232237,-11,-180.60054999999988
2022-12-09,0.581745695726173,-21,-177.0851500000001
2022-12-12,0.5840737794184053,-11,-194.53485
2022-12-13,0.572793435385802,-11,-176.8982000000001
2022-12-14,0.564650217171262,-6,-171.7427499999999
2022-12-15,0.5519654203577017,-16,-164.60435000000007
2022-12-16,0.5487930980757463,-22,-165.18010000000004
2022-12-19,0.5491054867090975,-14,-176.9568499999998
2022-12-20,0.5540075983067265,-27,-189.97394999999995
2022-12-21,0.5472749108307031,-33,-191.9496499999999
2022-12-22,0.5261020523806607,-23,-185.93729999999994
2022-12-23,0.49713339528512945,-30,-185.97629999999992
2022-12-26,0.4892665128847024,-45,-218.8010999999999
2022-12-27,0.4711455450378347,-25,-197.20024999999998
2022-12-28,0.44445415436727775,-10,-183.89189999999996
2022-12-29,0.4233414872476797,-2,-188.00165000000015
2022-12-30,0.40852083682183354,-6,-187.89160000000004
2023-01-03,0.41064980354024616,4,-148.82634999999982
2023-01-04,0.409149322227121,1,-144.08920000000012
2023-01-05,0.40317607225755037,-1,-132.38660000000004
2023-01-06,0.4054091590834164,-8,-134.53250000000003
2023-01-09,0.3963445972157484,-11,-129.54105000000004
2023-01-10,0.3909841084242815,-11,-128.2519000000002
2023-01-11,0.39538444033240977,-10,-123.63190000000009
2023-01-12,0.38768470383379167,-16,-120.83130000000006
2023-01-13,0.3934034098866338,-16,-114.89139999999998
2023-01-16,0.39190807578056824,-22,-106.13260000000014
2023-01-17,0.4045450681436608,-14,-82.3405499999999
2023-01-18,0.41754122513211633,1,-70.24180000000001
2023-01-19,0.43072261608760054,4,-58.36770000000001
2023-01-27,0.44372117101791236,5,-47.42145000000005
2023-01-30,0.4726745191541423,10,-60.05430000000001
2023-01-31,0.49067053941547867,3,-49.72395000000006
2023-02-01,0.5235506271361636,-3,-82.92779999999993
2023-02-02,0.5280590241590094,-9,-79.33515000000011
2023-02-03,0.5254756727501785,-8,-77.86809999999991
2023-02-06,0.5159480427724469,-4,-64.01155000000017
2023-02-07,0.5200636172863464,-14,-85.75850000000014
2023-02-08,0.5203290105598393,-10,-77.81600000000003
2023-02-09,0.5119370757379142,0,-84.47510000000011
2023-02-10,0.5075655624730581,-23,-91.58545000000004
2023-02-13,0.519951848805867,-27,-101.84935000000019
2023-02-14,0.5126496475845919,-25,-105.39584999999988
2023-02-15,0.5135504002907659,-15,-94.30799999999999
2023-02-16,0.5157960377661587,-11,-82.75450000000001
2023-02-17,0.5181951157631122,-26,-80.19704999999999
2023-02-20,0.5428949767712433,-1,-51.50709999999981
2023-02-21,0.5640483537515526,-3,-54.57484999999997
2023-02-22,0.5819975415103232,-11,-81.14994999999999
2023-02-23,0.5849734814778574,-14,-80.6901499999999
2023-02-24,0.573596539060932,-40,-93.52015000000006
2023-02-27,0.5721847068177367,-33,-110.42875000000004
2023-02-28,0.5607830868593524,-15,-105.92795000000001
2023-03-01,0.554158100620402,-16,-89.34685000000013
2023-03-02,0.539210826315232,-19,-91.61515000000009
2023-03-03,0.531512493903633,-40,-103.4371500000002
2023-03-06,0.5277828539770163,-13,-99.95924999999988
2023-03-07,0.518604061314175,-11,-88.28025000000002
2023-03-08,0.5163512177943863,-6,-75.98259999999982
2023-03-09,0.5251709926027366,-13,-68.39830000000006
2023-03-10,0.5292073669712434,-24,-70.44640000000004
2023-03-13,0.5371018285873262,-15,-69.56825000000003
2023-03-14,0.5485749418807481,-27,-81.09604999999988
2023-03-15,0.5582605744596618,-5,-57.91975000000002
2023-03-16,0.5530884176939028,-20,-71.47714999999994
2023-03-17,0.5448101254949717,-35,-72.49945000000002
2023-03-20,0.545877958532653,-33,-93.15734999999984
2023-03-21,0.5364149970854601,-24,-82.54639999999995
2023-03-22,0.49932066318762375,-32,-73.19920000000002
2023-03-23,0.46666939329890716,-33,-67.41465000000017
2023-03-24,0.4417019346051058,-38,-64.5018500000001
2023-03-27,0.4221697961694243,-23,-57.763549999999896
2023-03-28,0.411300181905547,-10,-54.45600000000013
2023-03-29,0.39046133513412057,-18,-51.277250000000095
2023-03-30,0.38269907024608363,-18,-47.32925
2023-03-31,0.3768705234820885,-52,-41.300899999999956
2023-04-03,0.38473828880425553,-11,-25.98765000000003
2023-04-04,0.39306553195215577,-7,-26.026749999999993
2023-04-05,0.4040596916465633,0,-22.934550000000172
2023-04-06,0.42476226543110013,-6,-32.337099999999964
2023-04-10,0.45932678975983793,-2,-37.36149999999998
2023-04-11,0.4760844911600507,-7,-32.75244999999995
2023-04-12,0.4953162859756767,-1,-32.16529999999989
2023-04-13,0.5084390412998469,-5,-36.70939999999996
2023-04-14,0.5249430462325367,-19,-47.36974999999984
2023-04-17,0.5236631196636219,-17,-45.62830000000008
2023-04-18,0.5230587145214286,-21,-43.60295000000019
2023-04-19,0.5253255461168271,-18,-48.899850000000015
2023-04-20,0.5207902808549558,-17,-47.881599999999935
2023-04-21,0.5236074619549291,-33,-53.45849999999973
2023-04-24,0.5221233202021047,-14,-54.30885000000012
2023-04-25,0.5234565563600452,-17,-60.24504999999999
2023-04-26,0.5162192908695106,-27,-53.66665000000012
2023-04-27,0.5096633847612284,-10,-54.178249999999935
2023-04-28,0.5112243103242051,-27,-44.15740000000005
2023-05-04,0.5165779214166342,-14,-51.99635000000012
2023-05-05,0.5186136749884191,-36,-51.62830000000008
2023-05-08,0.5339056738299287,-4,-38.67055000000005
2023-05-09,0.539707164861452,-15,-36.893150000000105
2023-05-10,0.5549113121397552,0,-31.812000000000126
2023-05-11,0.5696436538101622,-4,-32.34595000000013
2023-05-12,0.580749243958838,-19,-21.929750000000013
2023-05-15,0.5953009335606133,3,-22.45595000000003
2023-05-16,0.5986561976265857,-1,-21.611699999999928
2023-05-17,0.605397570168441,-6,-26.44139999999993
2023-05-18,0.6013925760319004,3,-17.98759999999993
2023-05-19,0.6009155119303794,-11,-18.607750000000124
2023-05-22,0.5997561330287977,6,-14.350349999999708
2023-05-23,0.6018622045595339,-3,-18.43795
2023-05-24,0.6152723999348464,0,-21.65014999999994
2023-05-25,0.6253365880181688,1,-17.952699999999822
2023-05-26,0.6359725551903163,-1,-17.892699999999877
2023-05-29,0.6602244042774337,7,-5.776849999999968
2023-05-30,0.6794759715879247,11,-1.8333999999999833
2023-05-31,0.7018762398628349,10,-3.805499999999938
2023-06-01,0.7151819424842198,20,0.3168000000000575
2023-06-02,0.7333059857271773,22,13.595099999999775
2023-06-05,0.7455493827986279,22,21.34635000000003
2023-06-06,0.7481593458812283,25,32.606449999999995
2023-06-07,0.7582028450909273,23,34.65975000000003
2023-06-08,0.7771667706902358,22,27.30659999999989
2023-06-09,0.7762929687668907,24,34.355350000000044
2023-06-12,0.7741933945524093,37,43.633550000000014
2023-06-13,0.7775129896663832,23,50.80715000000009
2023-06-14,0.7780801714685487,21,46.48220000000015
2023-06-15,0.7643711373193925,16,46.80140000000006
2023-06-16,0.7606417457546881,15,45.86110000000008
2023-06-19,0.7470286125375851,19,36.958500000000186
2023-06-20,0.7266703236975596,25,44.132750000000215
2023-06-21,0.7173662552384317,41,51.634450000000015
2023-06-22,0.7139281628967812,34,59.244899999999916
2023-06-23,0.7093937374252113,30,64.08055000000013
2023-06-26,0.7075764879320574,30,67.45714999999996
2023-06-27,0.6924175289566924,29,70.47249999999985
2023-06-28,0.6856894400894825,26,75.01659999999993
2023-06-29,0.6800765387856718,14,62.60265000000004
2023-06-30,0.6629965771239088,9,58.03565000000003
2023-07-03,0.6401831477757419,24,63.976249999999936
2023-07-04,0.6283701646509102,25,71.05825000000004
2023-07-05,0.6227066795159215,18,74.20899999999983
2023-07-06,0.617035151026561,9,66.4061999999999
2023-07-07,0.6075801681248569,27,78.73599999999988
2023-07-10,0.6111451384171708,50,89.96804999999995
2023-07-11,0.6166428208609079,33,93.05385000000001
2023-07-12,0.6100067459283214,38,95.76559999999995
2023-07-13,0.6109457574481203,59,107.23199999999997
2023-07-14,0.6174607052043101,56,110.3864000000001
2023-07-17,0.6267901180797567,58,115.12250000000017
2023-07-18,0.6238986195368819,54,116.0447499999998
2023-07-19,0.623296148225108,53,114.78795000000014
2023-07-20,0.6142425870858056,65,114.38425000000007
2023-07-21,0.611880876571392,82,127.20530000000008
2023-07-24,0.6184894281082798,104,131.50389999999993
2023-07-25,0.6211513459427708,64,136.0951
2023-07-26,0.6124415333557848,55,140.55219999999986
2023-07-27,0.6152728829968899,64,136.42814999999996
2023-07-28,0.619161676940987,72,145.90935000000013
2023-07-31,0.625649740765494,99,160.23725000000013
2023-08-01,0.6342860815937367,45,153.84044999999992
2023-08-02,0.6241773256637203,55,155.78235000000018
2023-08-03,0.6196603783442909,35,145.50255000000016
2023-08-04,0.6185720361112287,63,159.7119
2023-08-07,0.6267791012996224,108,174.20270000000005
2023-08-08,0.635526788738565,88,174.11985000000004
2023-08-09,0.6413048981939556,93,165.01025000000004
2023-08-10,0.6453007946870897,39,150.81944999999973
2023-08-11,0.6413656280125044,48,161.35750000000007
2023-08-14,0.6349924429167441,75,164.7340499999998
2023-08-15,0.6219808726536361,56,160.76229999999987
2023-08-16,0.6070059573371354,39,168.72025000000008
2023-08-17,0.599763496111574,27,157.88365
2023-08-18,0.6170174178852829,-14,101.64650000000006
2023-08-21,0.6026180592773919,1,102.62480000000005
2023-08-22,0.5859650312581821,-3,102.59439999999995
2023-08-23,0.5521315392249607,6,93.90919999999983
2023-08-24,0.5294865158912972,21,109.87740000000008
2023-08-25,0.5111855580295399,12,102.9111499999999
2023-08-28,0.49735594438604463,27,120.10865000000013
2023-08-29,0.49206494276384555,32,121.68145000000004
2023-08-30,0.48234337802169663,46,129.2523000000001
2023-08-31,0.48570602714444594,61,138.73530000000005
2023-09-05,0.495613039177388,71,148.25479999999993
2023-09-06,0.5075052446396524,96,157.25250000000005
2023-09-07,0.52329232636669,78,153.23630000000003
2023-09-08,0.5362920294160094,75,150.08339999999998
2023-09-11,0.5550604694209681,32,130.96155
2023-09-12,0.5519308844141956,70,151.39100000000008
2023-09-13,0.5629036095885478,56,142.95230000000015
2023-09-14,0.564584362399833,23,127.01384999999982
2023-09-15,0.557805883593704,8,129.15705000000003
2023-09-18,0.5479087269421649,17,112.28655000000003
2023-09-19,0.5388061103612648,28,110.77634999999987
2023-09-20,0.5324175854658536,60,124.2842499999997
2023-09-21,0.5284500767344098,34,110.01135
2023-09-22,0.5405353210085104,-2,89.59820000000013
2023-09-25,0.5415041523139875,-19,49.16360000000009
2023-09-26,0.5351045298870214,-20,33.633850000000166
2023-09-27,0.5213650662697507,-9,49.222949999999855
2023-09-28,0.496392572322685,-13,47.284250000000156
2023-09-29,0.47050069769369063,-13,48.43860000000018
2023-10-02,0.4427571219327872,0,49.0150000000001
2023-10-03,0.4416040855426292,-33,11.533550000000105
2023-10-04,0.4215710491746995,-9,21.620550000000094
2023-10-05,0.40009479205703297,-20,6.508350000000064
2023-10-06,0.38324701293777785,-21,20.767799999999852
2023-10-09,0.37288216328764934,3,29.177599999999757
2023-10-10,0.3765905797622401,7,35.051550000000134
2023-10-11,0.3664208161607952,17,41.609500000000025
2023-10-12,0.36913338730899625,19,41.76710000000003
2023-10-13,0.3674502091383793,9,44.20785000000001
2023-10-16,0.36617441900221,6,30.303800000000138
2023-10-17,0.36451389871962975,-7,10.027250000000095
2023-10-18,0.38294294727585776,-44,-8.813699999999926
2023-10-19,0.382805166819973,-41,-24.780099999999948
2023-10-20,0.3852562108443559,-29,-5.061950000000024
2023-10-23,0.3712496652021433,-20,-19.983149999999796
2023-10-24,0.3582980928984835,-9,-8.10719999999992
2023-10-25,0.35085285758629586,-10,-12.635999999999967
2023-10-26,0.3733808654293451,-97,-58.89149999999995
2023-10-27,0.3702034388611829,-68,-53.74549999999999
2023-10-30,0.35595472425435903,-77,-71.9203
2023-10-31,0.36097408323292723,-104,-86.00019999999995
2023-11-01,0.3590843978618934,-78,-74.46174999999971
2023-11-02,0.37147689288370545,-7,-38.750299999999925
2023-11-03,0.3715008055064215,-29,-37.54224999999997
2023-11-06,0.3646188340307313,-8,-24.80970000000002
2023-11-07,0.35920301210068467,-14,-34.247749999999996
2023-11-08,0.37313214505715564,6,-1.233449999999948
2023-11-09,0.3953100099191256,7,-0.8514999999999873
2023-11-10,0.4075018182776201,-21,-13.02949999999987
2023-11-13,0.4049329580393464,-6,-14.554350000000113
2023-11-14,0.4073632731416029,0,-4.930149999999912
2023-11-15,0.4229378839149296,12,7.78325000000018
2023-11-16,0.4200394946847124,10,10.565450000000055
2023-11-17,0.4360585837616843,-16,-13.892549999999801
2023-11-20,0.430444316951547,4,-11.555099999999811
2023-11-21,0.4267830290488616,14,-4.860949999999775
2023-11-22,0.4294251683958209,8,-1.7408499999999094
2023-11-23,0.4439339113521368,-10,-27.152199999999993
2023-11-24,0.45047057127808077,-24,-20.19010000000003
2023-11-27,0.4381743826455143,-3,-27.90390000000002
2023-11-28,0.43531899245176686,-14,-20.792549999999892
2023-11-29,0.4315519447195817,-4,-13.743350000000191
2023-11-30,0.4324934445074314,-3,-22.64300000000003
2023-12-01,0.4253791903374599,-4,-14.832349999999906
2023-12-04,0.442992740528477,25,3.1917499999999563
2023-12-05,0.44472544680275367,21,-1.4746500000001106
2023-12-06,0.4548230967922851,27,8.76435000000015
2023-12-07,0.47410353599786753,2,3.488299999999981
2023-12-08,0.4823166274256168,-15,6.084400000000187
2023-12-11,0.48014948891967973,16,6.7146999999999935
2023-12-12,0.4768905668699921,6,8.312800000000152
2023-12-13,0.48350830023889196,-2,-5.564800000000105
2023-12-14,0.4799861902501982,-8,-9.982700000000023
2023-12-15,0.4720022457651917,-23,-18.136150000000043
2023-12-18,0.4620470946000652,-20,-28.8916999999999
2023-12-19,0.4554309101461181,-18,-24.817299999999932
2023-12-20,0.44491626235651377,-7,-20.67190000000005
2023-12-21,0.43555329616817706,5,-19.268149999999878
2023-12-22,0.4348102209946407,-2,-18.8737000000001
2023-12-25,0.4410087417718708,16,-4.59699999999998
2023-12-26,0.44638007056930473,5,-0.35425000000009277
2023-12-27,0.4555531678121727,10,-1.0235499999998865
2023-12-28,0.4609881710832979,11,5.582750000000033
2023-12-29,0.46789470023405755,5,6.170100000000048
2024-01-02,0.47639383939661867,20,7.5271999999999935
2024-01-03,0.48649756235790165,20,19.371849999999995
2024-01-04,0.5047443516673084,9,25.330400000000054
2024-01-05,0.5109622903382025,3,28.719699999999875
2024-01-08,0.5213415409680121,13,33.65425000000005
2024-01-09,0.5265582162588207,13,31.495249999999942
2024-01-10,0.5347315806927354,15,33.89879999999994
2024-01-11,0.5363859699860694,10,34.03915000000006
2024-01-12,0.5493773825436457,-5,26.02729999999997
2024-01-15,0.5407429254620767,-10,24.973899999999958
2024-01-16,0.5312593393774361,-1,33.48149999999987
2024-01-17,0.5299415556700918,-5,32.47524999999996
2024-01-18,0.5230405377445043,2,38.55219999999986
2024-01-19,0.5249000760444597,6,50.48900000000003
2024-01-22,0.5262894973807423,17,51.28925000000004
2024-01-23,0.5227180777997663,18,45.36849999999981
2024-01-24,0.5210797999641759,6,40.32095000000004
2024-01-25,0.50987687012828,20,37.21634999999992
2024-01-26,0.5047704335464174,17,41.95950000000016
2024-01-29,0.5075748061177073,26,41.36550000000011
2024-01-30,0.5121478556245233,28,44.696300000000065
2024-01-31,0.5217102192360475,8,28.80984999999987
2024-02-01,0.5220366740942275,38,36.89964999999984
2024-02-02,0.5271335664710106,18,35.81314999999995
2024-02-05,0.5338758393857247,30,48.60739999999987
2024-02-06,0.5309548330991571,23,50.291800000000194
2024-02-07,0.5317224979108672,35,59.52340000000004
2024-02-15,0.537360853279452,44,62.68489999999997
2024-02-16,0.5462995700574201,28,69.03455000000008
2024-02-19,0.5670294060209387,37,83.4253000000001
2024-02-20,0.578999832225602,31,87.56804999999986
2024-02-21,0.5883540359731325,42,86.59939999999983
2024-02-22,0.5985649466451555,39,82.99595
2024-02-23,0.6214838069051654,18,66.89480000000003
2024-02-26,0.6217626425588337,45,78.23525000000018
2024-02-27,0.626070446652853,48,90.62355000000025
2024-02-28,0.6286989202404505,54,106.77530000000002
2024-02-29,0.6326681748349736,41,104.02019999999993
